{"cameraMode":{"drawMode":0,"name":"Shaded","section":"Shading Mode"},"sceneLighting":false,"audioPlay":false,"sceneViewState":{"m_AlwaysRefresh":false,"showFog":true,"showSkybox":false,"showFlares":true,"showImageEffects":true,"showParticleSystems":true,"showVisualEffectGraphs":true,"m_FxEnabled":true},"in2DMode":false,"pivot":{"x":1.3775577545166016,"y":-0.7837924957275391,"z":-0.25926798582077029},"rotation":{"x":0.008773216046392918,"y":-0.7019317746162415,"z":0.008634503930807114,"w":0.7121236324310303},"size":2.735114812850952,"orthographic":false}